{
  "rue daumesnil": [
    48.850442,
    2.4368129
  ],
  "square daumesnil": [
    48.8499584,
    2.4373466
  ],
  "rue charles pathe": [
    48.8495361,
    2.4365329
  ],
  "allee georges pompidou": [
    48.8491967,
    2.4351815
  ],
  "rue lejemptel": [
    48.8461106,
    2.4378683
  ],
  "boulevard de la liberation": [
    48.8479516,
    2.4457595
  ],
  "rue de la liberte": [
    48.8493748,
    2.442069
  ],
  "rue du commandant mowat": [
    48.8508938,
    2.4461623
  ],
  "rue des 3 territoires": null,
  "rue du lieutenant quennehen": [
    48.8512192,
    2.444614
  ],
  "rue de la marseillaise": [
    48.8500429,
    2.4419531
  ],
  "rue de la jarry": [
    48.8497013,
    2.4491699
  ],
  "rue diderot": [
    48.850822987537555,
    2.4375164508819585
  ],
  "rue gounod": [
    48.8505095,
    2.4520514
  ],
  "rue de la bienfaisance": [
    48.8490073,
    2.4508655
  ],
  "rue de la renardiere": [
    48.8505541,
    2.4497712
  ],
  "villa faie felix": [
    48.8511704,
    2.4437452
  ],
  "rue faie felix": [
    48.8512351,
    2.4434838
  ],
  "rue de montreuil": [
    48.8452417,
    2.4346006
  ],
  "rue de l eglise": [
    48.8476542,
    2.4358164
  ],
  "rue de l union": [
    48.8530894,
    2.4362808
  ],
  "rue de la paix": [
    48.8499636,
    2.4320227
  ],
  "rue de la fraternite": [
    48.8493266,
    2.4327536
  ],
  "rue de belfort": [
    48.8498923,
    2.4309853
  ],
  "rue gilbert clerfayt": [
    48.8505396,
    2.4302962
  ],
  "rue des 2 communes": null,
  "passage des varennes": [
    48.8505659,
    2.4298774
  ],
  "rue des meuniers": [
    48.8510004,
    2.4334823
  ],
  "rue raymond du temple": [
    48.8453024,
    2.4381947
  ],
  "rue monmory": [
    48.8492911,
    2.4317054
  ],
  "avenue rabelais": [
    48.8522754,
    2.4818079
  ],
  "avenue de la republique": [
    48.8500054,
    2.4347829
  ],
  "rue du midi": [
    48.8470331,
    2.4392283
  ],
  "rue eugene renaud": [
    48.8477305,
    2.4394661
  ],
  "allee charles v": [
    48.8455571,
    2.4373585
  ],
  "avenue du chateau": [
    48.8461873,
    2.4366974
  ],
  "rue d estienne d orves": [
    48.8470079,
    2.4329347
  ],
  "rue victor basch": [
    48.8481129,
    2.426969
  ],
  "rue de conde sur noireau": [
    48.8475769,
    2.4400958
  ],
  "avenue de vorges": [
    48.84877736641699,
    2.4399411678314213
  ],
  "rue joseph gaillard": [
    48.8500387,
    2.4410373
  ],
  "rue de verdun": [
    48.8527064,
    2.4429754
  ],
  "rue charles silvestri": [
    48.8512091,
    2.4429504
  ],
  "rue leroyer": [
    48.8518749,
    2.4407316
  ],
  "rue de la solidarite": [
    48.8528844,
    2.4425166
  ],
  "rue crebillon": [
    48.8518912,
    2.4394532
  ],
  "rue dohis": [
    48.8467319,
    2.4224923
  ],
  "rue des laitieres": [
    48.847213,
    2.4220269
  ],
  "rue georges huchon": [
    48.8481173,
    2.4217882
  ],
  "rue de la prevoyance": [
    48.84793,
    2.4205467
  ],
  "avenue georges clemenceau": [
    48.8485905,
    2.423048
  ],
  "rue eugene blot": [
    48.8482098,
    2.4235522
  ],
  "rue renon": [
    48.8471831,
    2.4245416
  ],
  "rue de lagny": [
    48.8491082,
    2.4226559
  ],
  "rue fays": [
    48.8487833,
    2.4189547
  ],
  "rue celine robert": [
    48.848799,
    2.4196469
  ],
  "rue charles marinier": [
    48.8474598,
    2.4190344
  ],
  "rue massue": [
    48.8481991,
    2.4214579
  ],
  "rue de l egalite": [
    48.8481461,
    2.4287513
  ],
  "rue de colmar": [
    48.8455398,
    2.4316217
  ],
  "avenue aubert": [
    48.8461304,
    2.423836
  ],
  "avenue antoine quinson": [
    48.8472344,
    2.430234
  ],
  "villa beausejour": [
    48.8468601,
    2.4309026
  ],
  "rue du docteur lebel": [
    48.8465042,
    2.4311963
  ],
  "rue eugenie gerard": [
    48.8462641,
    2.433027
  ],
  "rue villebois mareuil": [
    48.8464924,
    2.4337036
  ],
  "rue jean moulin": [
    48.84585616636099,
    2.4315941333770756
  ],
  "villa saint joseph": [
    48.8467582,
    2.4286746
  ],
  "villa lamarre": [
    48.848899152930315,
    2.442296147346497
  ],
  "rue jules massenet": [
    48.8489901,
    2.4529368
  ],
  "rue guynemer": [
    48.8506344,
    2.4477453
  ],
  "rue eugene loeuil": [
    48.8469633,
    2.4321803
  ],
  "avenue de nogent": [
    48.844551,
    2.4397236
  ],
  "villa d idalie": [
    48.8447515,
    2.4402151
  ],
  "rue d idalie": [
    48.8452677,
    2.4401724
  ],
  "avenue foch": [
    48.8458991,
    2.4436641
  ],
  "avenue fayolle": [
    48.8462062,
    2.4467225
  ],
  "avenue pierre brossolette": [
    48.8468001,
    2.4434827
  ],
  "avenue de paris": [
    48.84509009536325,
    2.433128356933594
  ],
  "rue de fontenay": [
    48.84836258404057,
    2.4360144138336186
  ],
  "cours marigny": [
    48.8457408,
    2.4397394
  ],
  "avenue gabriel peri": [
    48.8470667,
    2.4434294
  ],
  "rue mirabeau": [
    48.8521845,
    2.4371743
  ],
  "rue de strasbourg": [
    48.8493015,
    2.4379724
  ],
  "villa david": [
    48.8517261,
    2.4388886
  ],
  "rue segond": [
    48.845637,
    2.4307329
  ],
  "avenue du general de gaulle": [
    48.8427814,
    2.4334035
  ],
  "passage jean bastide": [
    48.8442449,
    2.4340744
  ],
  "rue du donjon": [
    48.8433067,
    2.4323546
  ],
  "rue anatole france": [
    48.8425171,
    2.4318086
  ],
  "rue louis besquel": [
    48.8422166,
    2.4325586
  ],
  "avenue des minimes": [
    48.841134,
    2.4324986
  ],
  "avenue du petit parc": [
    48.8445152,
    2.4286755
  ],
  "cours louis lumiere": [
    48.8432601,
    2.4299686
  ],
  "square felix nadar": [
    48.8433794,
    2.4296012
  ],
  "allee jacques daguerre": [
    48.8427887,
    2.4302982
  ],
  "allee nicephore niepce": [
    48.8424071,
    2.4296627
  ],
  "allee felix nadar": [
    48.842639,
    2.4293179
  ],
  "rue du lieutenant heitz": [
    48.8447586,
    2.4300873
  ],
  "rue des vignerons": [
    48.8423273,
    2.4309502
  ],
  "avenue franklin roosevelt": [
    48.8437539,
    2.43254
  ],
  "rue du marechal maunoury": [
    48.843992,
    2.4299436
  ],
  "avenue lamartine": [
    48.8471413,
    2.433871
  ],
  "rue saulpic": [
    48.8464653,
    2.4357069
  ],
  "rue robert giraudineau": [
    48.8457281,
    2.4351576
  ],
  "place berault": [
    48.8460119,
    2.4284477
  ],
  "rue felix faure": [
    48.8475042,
    2.4524256
  ],
  "rue defrance": [
    48.8480573,
    2.4485808
  ],
  "rue des pommiers": [
    48.8472847,
    2.454358
  ],
  "avenue paul deroulede": [
    48.8490664,
    2.4519037
  ],
  "allee jacques bainville": [
    48.8478738,
    2.4556235
  ],
  "villa georges serre": [
    48.8485425,
    2.447414
  ],
  "rue des sabotiers": [
    48.8471805,
    2.4468911
  ],
  "place jean spire lemaitre": [
    48.8470072,
    2.4522146
  ],
  "avenue des murs du parc": [
    48.8468616,
    2.4521782
  ],
  "place du marechal lyautey": [
    48.84658692362647,
    2.4516463279724126
  ],
  "rue clement vienot": [
    48.8472583,
    2.4513415
  ],
  "rue adolphe alphand": [
    48.847139,
    2.4532651
  ],
  "rue alexandre de la faluere": [
    48.8472575,
    2.4542135
  ],
  "allee leonard marie lemayre": [
    48.8462408,
    2.4539226
  ],
  "allee augustin de luzy": [
    48.8461857,
    2.4555883
  ],
  "rue de l industrie": [
    48.8479056,
    2.4518065
  ],
  "rue emile dequen": [
    48.8489007,
    2.4492936
  ],
  "rue de france": [
    48.8420506,
    2.4316558
  ],
  "allee paul barillon": [
    48.8461295,
    2.4546224
  ],
  "allee louis -nicolas mabille": [
    48.8463803,
    2.4533118
  ],
  "allee du docteur schweitzer": [
    48.8473944,
    2.4549148
  ],
  "rue des trois territoires": [
    48.8508587,
    2.4483412
  ],
  "rue des deux communes": [
    48.8508311,
    2.4295364
  ],
  "542|avenue de la republique": [
    48.84962633580168,
    2.4341422319412236
  ],